<?xml version="1.0" encoding="UTF-8"?>
<beans xmlns="http://www.springframework.org/schema/beans" xmlns:amq="http://activemq.apache.org/schema/core"
	xmlns:xsi="http://www.w3.org/2001/XMLSchema-instance"
	xmlns:util="http://www.springframework.org/schema/util"
	xsi:schemaLocation="
http://www.springframework.org/schema/beans
	http://www.springframework.org/schema/beans/spring-beans-2.0.xsd
http://www.springframework.org/schema/util
	http://www.springframework.org/schema/util/spring-util-2.0.xsd">

	<bean id="placeholderConfig" class="org.springframework.beans.factory.config.PropertyPlaceholderConfigurer">
		<property name="locations">
			<list>
				<value>generic_dashboard.properties</value>
			</list>
		</property>
	</bean>

	<bean id="mainFrame" class="net.uglobal.gui.MainFrame">
		

	</bean>

</beans>